{
  "theta_pan_center_deg": 8.0,
  "theta_pitch_center_deg": 5.0,
  "A": [
    [
      -0.150766550522644,
      4.8281381608847225
    ],
    [
      -9.838379790940765,
      0.3525458263899387
    ]
  ],
  "A_inv": [
    [
      0.007430166367453019,
      -0.10175661458758355
    ],
    [
      0.20735119567696506,
      -0.003177517557082689
    ]
  ]
}